picName,picFile
abacus,abacus1.jpg
abacus,abacus2.jpg
acoustic guitar,acousticguitar1.jpg
acoustic guitar,acousticguitar2.jpg
anchor,anchor1.jpg
anchor,anchor2.jpg
animal skull,animalskull1.jpg
animal skull,animalskull2.jpg
apple,apple1.jpg
apple,apple2.jpg
backpack,backpack1.jpg
backpack,backpack2.jpg
balloon,balloon1.jpg
balloon,balloon2.jpg
barrel,barrel1.jpg
barrel,barrel2.jpg
baseball glove,baseballglove1.jpg
baseball glove,baseballglove2.jpg
basket,basket1.jpg
basket,basket2.jpg
bathing suit,bathingsuit1.jpg
bathing suit,bathingsuit2.jpg
bell,bell1.jpg
bell,bell2.jpg
bicycle,bicycle1.jpg
bicycle,bicycle2.jpg
binocular,binocular1.jpg
binocular,binocular2.jpg
book,book1.jpg
book,book2.jpg
bottle,bottle1.jpg
bottle,bottle2.jpg
bracelet,bracelet1.jpg
bracelet,bracelet2.jpg
bread,bread1.jpg
bread,bread2.jpg
breadbox,breadbox1.jpg
breadbox,breadbox2.jpg
bucket,bucket1.jpg
bucket,bucket2.jpg
cabbage,cabbage1.jpg
cabbage,cabbage2.jpg
cabinet,cabinet1.jpg
cabinet,cabinet2.jpg
calculator,calculator1.jpg
calculator,calculator2.jpg
camera,camera1.jpg
camera,camera2.jpg
candy,candy1.jpg
candy,candy2.jpg
can opener,canopener1.jpg
can opener,canopener2.jpg
car,car1.jpg
car,car2.jpg
cell phone,cellphone1.jpg
cell phone,cellphone2.jpg
cereal,cereal1.jpg
cereal,cereal2.jpg
chair,chair1.jpg
chair,chair2.jpg
chapstick,chapstick1.jpg
chapstick,chapstick2.jpg
cheese and crackers,cheeseandcrackers1.jpg
cheese and crackers,cheeseandcrackers2.jpg
chip,chip1.jpg
chip,chip2.jpg
chip bag,chipbag1.jpg
chip bag,chipbag2.jpg
chocolate bar,chocolatebar1.jpg
chocolate bar,chocolatebar2.jpg
chocolate cake,chocolatecake1.jpg
chocolate cake,chocolatecake2.jpg
clock,clock1.jpg
clock,clock2.jpg
coins,coins1.jpg
coins,coins2.jpg
cookie,cookie1.jpg
cookie,cookie2.jpg
cooking pot,cookingpot1.jpg
cooking pot,cookingpot2.jpg
corkscrew,corkscrew1.jpg
corkscrew,corkscrew2.jpg
cow,cow1.jpg
cow,cow2.jpg
cup,cup1.jpg
cup,cup2.jpg
dog,dog1.jpg
dog,dog2.jpg
donut,donut1.jpg
donut,donut2.jpg
dryer,dryer1.jpg
dryer,dryer2.jpg
earbuds,earbuds1.jpg
earbuds,earbuds2.jpg
fan,fan1.jpg
fan,fan2.jpg
feather,feather1.jpg
feather,feather2.jpg
fishbowl,fishbowl1.jpg
fishbowl,fishbowl2.jpg
flask,flask1.jpg
flask,flask2.jpg
folder,folder1.jpg
folder,folder2.jpg
fridge,fridge1.jpg
fridge,fridge2.jpg
gardening hoe,gardeninghoe1.jpg
gardening hoe,gardeninghoe2.jpg
gift box,giftbox1.jpg
gift box,giftbox2.jpg
glass,glass1.jpg
glass,glass2.jpg
globe,globe1.jpg
globe,globe2.jpg
grapes,grape1.jpg
grapes,grape2.jpg
guitar,guitar1.jpg
guitar,guitar2.jpg
gummy candy,gummycandy1.jpg
gummy candy,gummycandy2.jpg
headphones,headphones1.jpg
headphones,headphones2.jpg
helmet,helmet1.jpg
helmet,helmet2.jpg
highlighter,highlighter1.jpg
highlighter,highlighter2.jpg
hole puncher,holepuncher1.jpg
hole puncher,holepuncher2.jpg
horn,horn1.jpg
horn,horn2.jpg
hose,hose1.jpg
hose,hose2.jpg
hot air balloon,hotairballoon1.jpg
hot air balloon,hotairballoon2.jpg
hourglass,hourglass1.jpg
hourglass,hourglass2.jpg
icecream,icecream1.jpg
icecream,icecream2.jpg
juice,juice1.jpg
juice,juice2.jpg
kayak,kayak1.jpg
kayak,kayak2.jpg
kettle,kettle1.jpg
kettle,kettle2.jpg
key,key1.jpg
key,key2.jpg
ladder,ladder1.jpg
ladder,ladder2.jpg
laptop,laptop1.jpg
laptop,laptop2.jpg
lei,lei1.jpg
lei,lei2.jpg
lock,lock1.jpg
lock,lock2.jpg
log,log1.jpg
log,log2.jpg
mailbox,mailbox1.jpg
mailbox,mailbox2.jpg
menorah,menorah1.jpg
menorah,menorah2.jpg
menu,menu1.jpg
menu,menu2.jpg
microwave,microwave1.jpg
microwave,microwave2.jpg
mixer,mixer1.jpg
mixer,mixer2.jpg
money,money1.jpg
money,money2.jpg
muffin,muffin1.jpg
muffin,muffin2.jpg
mug,mug1.jpg
mug,mug2.jpg
notebook,notebook1.jpg
notebook,notebook2.jpg
pacifier,pacifier1.jpg
pacifier,pacifier2.jpg
park meter,parkmeter1.jpg
park meter,parkmeter2.jpg
peanut butter,peanutbutter1.jpg
peanut butter,peanutbutter2.jpg
pen,pen1.jpg
pen,pen2.jpg
pencil sharpener,pencilsharpener1.jpg
pencil sharpener,pencilsharpener2.jpg
peppers,peppers1.jpg
peppers,peppers2.jpg
phone,phone1.jpg
phone,phone2.jpg
piano,piano1.jpg
piano,piano2.jpg
picture frame,pictureframe1.jpg
picture frame,pictureframe2.jpg
pie,pie1.jpg
pie,pie2.jpg
pizza,pizza1.jpg
pizza,pizza2.jpg
plant,plant1.jpg
plant,plant2.jpg
plate,plate1.jpg
plate,plate2.jpg
pliers,pliers1.jpg
pliers,pliers2.jpg
poker chips,pokerchips1.jpg
poker chips,pokerchips2.jpg
potato chips,potatochips1.jpg
potato chips,potatochips2.jpg
puppet,puppet1.jpg
puppet,puppet2.jpg
rake,rake1.jpg
rake,rake2.jpg
razor,razor1.jpg
razor,razor2.jpg
remote,remote1.jpg
remote,remote2.jpg
santa hat,santahat1.jpg
santa hat,santahat2.jpg
scanner,scanner1.jpg
scanner,scanner2.jpg
scissors,scissors1.jpg
scissors,scissors2.jpg
scratchcard,scratchcard1.jpg
scratchcard,scratchcard2.jpg
scroll,scroll1.jpg
scroll,scroll2.jpg
ship,ship1.jpg
ship,ship2.jpg
shoe,shoe1.jpg
shoe,shoe2.jpg
soap,soap1.jpg
soap,soap2.jpg
soap dish,soapdish1.jpg
soap dish,soapdish2.jpg
soap dispenser,soapdispenser1.jpg
soap dispenser,soapdispenser2.jpg
soccer ball,soccerball1.jpg
soccer ball,soccerball2.jpg
sponge,sponge1.jpg
sponge,sponge2.jpg
spray bottle,spraybottle1.jpg
spray bottle,spraybottle2.jpg
stapler,stapler1.jpg
stapler,stapler2.jpg
starfish,starfish1.jpg
starfish,starfish2.jpg
stone archway,stonearchway1.jpg
stone archway,stonearchway2.jpg
string,string1.jpg
string,string2.jpg
stuffed rabbit,stuffedrabbit1.jpg
stuffed rabbit,stuffedrabbit2.jpg
sugar,sugar1.jpg
sugar,sugar2.jpg
suitcase,suitcase1.jpg
suitcase,suitcase2.jpg
sunglasses,sunglasses1.jpg
sunglasses,sunglasses2.jpg
tape dispenser,tapedispenser1.jpg
tape dispenser,tapedispenser2.jpg
teapot,teapot1.jpg
teapot,teapot2.jpg
tictacs,tictacs1.jpg
tictacs,tictacs2.jpg
tissues,tissues1.jpg
tissues,tissues2.jpg
toilet,toilet1.jpg
toilet,toilet2.jpg
tongs,tongs1.jpg
tongs,tongs2.jpg
toolbox,toolbox1.jpg
toolbox,toolbox2.jpg
toy airplane,toyairplane1.jpg
toy airplane,toyairplane2.jpg
toy dinosaur,toydinosaur1.jpg
toy dinosaur,toydinosaur2.jpg
traffic cone,trafficcone1.jpg
traffic cone,trafficcone2.jpg
train,train1.jpg
train,train2.jpg
tricycle,tricycle1.jpg
tricycle,tricycle2.jpg
trophy,trophy1.jpg
trophy,trophy2.jpg
turtle,turtle1.jpg
turtle,turtle2.jpg
typewriter,typewriter1.jpg
typewriter,typewriter2.jpg
umbrella,umbrella1.jpg
umbrella,umbrella2.jpg
watch,watch1.jpg
watch,watch2.jpg
water bottle,waterbottle1.jpg
water bottle,waterbottle2.jpg
wheelchair,wheelchair1.jpg
wheelchair,wheelchair2.jpg
wine,wine1.jpg
wine,wine2.jpg
yarn,yarn1.jpg
yarn,yarn2.jpg
